file,meeting_title,use_case
1511c2ce-9507-4d8c-b99a-60e5bc21016f.json,Iron Forge Industrial | Voxel,Ongoing partnership and customer success support
1622341b-6874-4fe5-8639-838e30f97d41.json,Rail Mill Transport / Voxel Check-in,Per-user language localization to Spanish
46c2fe16-50d6-44a5-a327-2443fc6f1ba7.json,East Bridge Systems + Voxel Pilot Discussion,Business case support for internal stakeholders
4a8eec15-4283-4c69-aac7-42e507b8c061.json,Ridge Stack Industrial/Voxel pilot deliverables,Responsive customer support and troubleshooting
af1e5ada-5bd5-4ce2-951d-f679daeb15db.json,River Ridge Works | Voxel Sync,Cost-sensitive vendor evaluation (incl. Falcon Peak Vision)
c3ceb91a-e15d-4326-8a39-cfdb26dde294.json,Summit Span Solutions / Voxel Sync,Getting sites onto the same schedule
c3ceb91a-e15d-4326-8a39-cfdb26dde294.json,Summit Span Solutions / Voxel Sync,Timing follow-up around internal planning
c3ceb91a-e15d-4326-8a39-cfdb26dde294.json,Summit Span Solutions / Voxel Sync,Contract renewal language clarification
c3ceb91a-e15d-4326-8a39-cfdb26dde294.json,Summit Span Solutions / Voxel Sync,Longer-term commercial options
