theme,n_mentions,n_calls,pct_of_calls
Reporting & Analytics,61,40,43.5
Other,33,27,29.3
Operational Efficiency & Labor,36,25,27.2
Workflow & Action Management,21,18,19.6
Security & Loss Prevention,18,16,17.4
Training & Behavior Coaching,10,9,9.8
Video Evidence & Investigations,8,8,8.7
Platform Integration & Infrastructure,9,8,8.7
Facilities & Compliance Auditing,7,7,7.6
Multi-Site Expansion & Adoption,9,7,7.6
Product & Asset Damage Detection,6,5,5.4
Insurance & Claims Reduction,5,4,4.3
Food Safety & Compliance,3,3,3.3
Vendor & Contractor Management,3,2,2.2
