file,meeting_title,use_case,min_quote_len,evidence_joined
031a0de2-6254-464a-9dc8-6b8accf041e6.json,Ember Transit Logistics / Voxel Monthly,Supervisor training and adoption support,24,"And directly train them. | So that they know exactly how to use Voxel, because I think something that typically customers see as a deterrent at first is they go in, they don't know what to look for, and they think, oh my God, the volume of events is so high. | I think maybe if you wouldn't even mind, maybe the ones that are not doing it, because those would be the ones that are really kind of, worried about with them, why aren't they at least going in there once or logging in? | go into the dashboard five or a few minutes a couple of times per week."
096964ad-8b87-401e-933c-984c56c0da56.json,Gray Connect,Change management impact tracking and leadership storytelling,27,"It'd be really nice to have some data around, like, hey, we identified this issue of Zone Red. | Here are the steps we took. | Here's what the platform told us. | So actually implementing it, I think, is the next step, and I'll get with the steer co, and we can see what we can do to really push that in the next couple of weeks to actually measure what we're doing and get you guys a story to tell to leadership."
1511c2ce-9507-4d8c-b99a-60e5bc21016f.json,Iron Forge Industrial | Voxel,Reduce implementation/training burden and false positives,17,"One thing that set that one apart from the others, but if you look at it, it's not very simple. | It's a little bit more difficult to use. | There's more of a learning curve. | There might be a little bit more time spent on the implementation side. | And I could see where some of their processes could lead to more time spent training as well to get it to not recognize, you know, everything that isn't something and only pick up the things that are important to us, right, or the things we want to pick up. | On yours, yours is super simple. | It's easy to use. | That's what I would say to Vermont as far as, like, what sets them apart is the simplicity and the accuracy, I guess, is the better way of putting it."
1622341b-6874-4fe5-8639-838e30f97d41.json,Rail Mill Transport / Voxel Check-in,Per-user language localization to Spanish,14,"Tamara, if you can hear us, on the last meeting, we mentioned the translation to Spanish. | That is now officially live. | For the rest of the team here, if anyone else wants Voxel to be displayed in any other language, Spanish included, you know, we recently rolled that out, so we can support that across the board. | It's per user. | You just go into your user profile and you can just toggle it on and off."
1ffac178-0eee-4534-8fac-8babb3831770.json,Voxel Ai + Iron Harbor Fleet Harbor Manufacturing,Attendance visibility and office usage analytics,27,"Like for attendance purposes, do you think leadership needs to have a better understanding of how people are coming into the office? | I don't think so, but that is nice. | So I'm assuming, I'm assuming a lot of the hiring, I'm sorry, the managers would actually like to know when their employees are coming in and out. | And with that, we track attendance and provide analytics. | Do you think leadership would | Want to have those numbers? | No, I don't think they're keeping track of it right now. | And to be transparent, it's included in Workplace. | So you would be able to see those numbers if they were looking."
249676e3-f866-4b77-a993-05b9da4f6638.json,Kodiak Point Fabrication + Voxel - Deployment,Open door duration monitoring,15,You mentioned open door durations. | We can do that.
249676e3-f866-4b77-a993-05b9da4f6638.json,Kodiak Point Fabrication + Voxel - Deployment,After-hours restricted area monitoring (time-based no-ped zones),29,"So, but maybe there's times super late at night, like, hey, no one in the back of the facility should be back there, right? | From like midnight to 6 a.m.. | We can do things around like things like that. | So you guys can be notified if, you know, someone's... | You know, back there when they shouldn't be back there. | You mentioned, are people hopping a fence? | But if there's something that's like the no-ped zone, right, like that would be a really good use for our email notification. | Hey, 3 a.m.., send an email to this person if someone's walking around the back of the facility, right, outside."
2529844c-2be9-4979-9296-deec8ab79944.json,Oak Motive Solutions | Voxel Value Presentation,Post-intervention markers and trend analysis for ROI,31,"I feel like identifying when we had one of those marker points, where, you know, up until that point, we had a thousand, you know, issues, and then Trey, we created a corrective action, we had a marker point, and then from then on, it's been a non-event. | We can go back and put that marker in, though. | the markers may be put in post."
37033189-bb15-419d-bd12-d9c07c44acbd.json,Impromptu Anchor Point Meetings Meeting,Per-camera heatmap drill-down by incident type for analysis,27,"It gives me date, but it doesn't give me what it is, right? | when I click on Riddick Press Camera, I wanted to see, maybe I'm asking for too much, but I want to see how many are improper bend, how many are overreaching, and how many are, | Forklift-to-Person Failure."
3a43e278-01b9-4daf-9ee7-978f585cf978.json,(ext) Voxel | Falcon Point Fabrication (LP brief),Operational productivity and safety program efficiency gains,31,"From an operational standpoint, you know, over time we can certainly prove out productivity gains. | Generally those are, you know, more related to workers being at work and not actually being out, you know, due to suffering a lost time injury. | But also we can generally identify savings around kind of like the efficiency gains associated with managing safety. | we're often able to, you know, correlate what the cost of that program was to administer in a pre and a post-Voxel state. | how can they be more efficient? | How can they be more productive?"
45f3120e-3169-4083-8b5c-c97d0f20cb0c.json,Voxel AI Demo,Use historical data to support internal review,34,Do you have historical facility data we could use for that conversation? | We usually look at historical incident patterns and before-and-after comparisons to tell that story without getting too detailed. | I can get that data fairly easily.
4a8eec15-4283-4c69-aac7-42e507b8c061.json,Ridge Stack Industrial/Voxel pilot deliverables,Role‑based boards and dashboard customization for MODs,28,"I'm pretty sure, you know, if we request a certain type of dashboard, you guys could deliver it. | we do that through a functionality within the platform with multiple dashboards, but the one that I think the MODs are going to interface with most is going to be called what we call boards. | map the various MODs and understand not only what shift they cover and then also what camera purviews might be relevant to them and which ones may not be so that we can create boards and subscribe them to those boards | and it's only going to show them a set number of clips, at least that they're at the board level, at that, like when they just log in, they're going to see five things they can work on | the board's concept is nice."
5acbb9d9-77b9-4adb-bcd4-520dcb71a740.json,Trail Lift Works + Voxel - Deployment,Accelerate incident investigations with timestamps,24,"And that's when you go back to your camera system and spend a couple of hours of your life, maybe more, trying to figure out when the heck that mark got on your door. | we timestamp everything. | So, you know exactly where you're going."
62eb5dc9-c22f-4846-92dd-07743da36faf.json,Voxel Follow Up,Broaden platform engagement via role-based access and targeted boards,32,"We've got six, eight, ten people with login that can come in, can make an observation, can give a positive comment, can maybe provide some insights on what they're seeing. | We now have a contributor role where they're only seeing what you guys want them to see. | Yesterday has had all cameras now on that board showing for pit to pit. | But we can separate it by shift. | Yeah, that may make it more manageable for, you know, if we're trying to push things down to leaders to say, hey, a leader's going to log in and he's only going to see things that impact his shift."
684871c9-1839-49d4-bbde-6a752de7cf25.json,Prime Signal Materials / Voxel Sync ,Action management and coaching workflow,27,"If you click on Create Action, this opens an entire feedback loop that can be tracked from start to finish. | Yep, that does go to email. | But specifically here, if you create an action, they'll be listed here under Assigned Actions. | When an action is completed, we put what's called a marker automatically in your system."
684871c9-1839-49d4-bbde-6a752de7cf25.json,Prime Signal Materials / Voxel Sync ,Heatmaps analytics to prioritize focus,32,"Second is our heat mapping tool. | Within a camera view, what are the hot spots where this is occurring within? | there is an open heat map icon for the last about a month that will appear."
765f10aa-97d9-45e4-a35d-6773e525bc2e.json,Forge Axis Solutions / Voxel Monthly Sync,Exclude planned events from analytics to avoid skewed metrics,29,"And I will say if we do get a spike right now, which we shouldn't, but we're doing our fire drills this week. | That's something we can hide. | Like if you want to select a particular time frame, we can actually remove that information because it's not contributing to your overall efforts for safety. | It's definitely for those instances where some customers come to me and are like, hey, we have families on site today. | You know, there's not going to be safety vests."
909a8d56-b5dc-4b0e-aff9-d097d46a0a58.json,Field Span Transport / Voxel:  Pick up discussions and confirm next steps,Product condition and dwell-time detection,31,"You know, when it comes to tracking product damage or exploring camera-based monitoring in this area, one example is detecting when a product is out of spec or left where it should not be for too long. | Yeah, and claim-focused, right? | If you're finding something that's out of spec."
950341d3-199c-40ca-a07d-f7771066f208.json,Pioneer Market Group Internal Sync - Deployment Phase,Enterprise program governance and reporting,31,"I think the next about a month, just the clear priority is going to be, you know, program management establishment, and then technical validation and technical go-live, essentially. | But I think what's going to be imperative doing something at this size and scale is putting together some level of reporting as we go along and some sort of defined goals so we can keep a pulse on this. | But, you know, what are the expectations around usage? | What are the expectations around, you know, sort of data collection to validate the success of this across all organizations? | How do we playbook this, right? | It's project governance and program governance. | That's probably something we could help create, and then ask the corporate team to distribute it, rather than it coming from Voxel, coming from their leadership. | I've done this with Harbor Span Group, Granite Flow Systems, and we've also got a use case standardization template I put together for Harbor Span Group as well."
980ead37-1d6b-4667-83b2-04150d12e552.json,Bridge Mill Transport / Voxel Bi-Weekly Sync,Address PIT parking duration impacting aisle flow at central crossway,28,"The one area I wanted to highlight with you was parking duration, because that saw a pretty sharp increase this past month. | And it looks like, you know, far and away, the central crossway is the top offender. | No, they're not supposed to. | We coach them or we do a write-up, and it's the back and forth with the union on what's okay."
9cf59bde-7476-40cd-98e0-1a29c45a536b.json,Peak Ridge Works + Voxel - Intro Call,Integrate with existing camera infrastructure (no hardware replacement),34,We have our own camera system and infrastructure now. | We're not looking to replace that. | So we integrate with your existing security cameras. | So our software just overlays on top of your existing security cameras.
9f23bf36-bb37-4f9f-bbe9-5d7a70759ea9.json,Bridge Mill Transport / Voxel Bi-Weekly Sync,Actions workflow for incident and task management,13,"create action | It gives prescriptive next steps in terms of how you can address this. | It allows for people to be assigned to different areas as well, and you can also subscribe in order to follow the event from start to finish. | you can also include a due date. | The suggested actions is something I'd point to your attention, because this is based on the most common interventions that our customers take. | I mean, for us, this is going be super helpful. | now it's just clicking on it. We don't necessarily need to type it all in."
a1cd5278-e378-441c-a467-aeb78a5b4432.json,Union Track Dynamics / Voxel Monthly Sync,"Action management workflow with ownership, cross-shift follow-up, timelines, and impact markers",31,"you kind of can assign it to one single person so they can do it rather than a group. | if someone's off, you know, the other ship members can take care of it. They see it, you know, they can follow by, follow through, follow up. | I like the create a timeline for it. | what happens is when an action is completed and it follows a specific, you know, next step, like retrain, you know, part of the team or implement it. | There's a marker that's placed. | Based on this afterwards, how has this impacted the trends for the business and for that particular site?"
a1cd5278-e378-441c-a467-aeb78a5b4432.json,Union Track Dynamics / Voxel Monthly Sync,Site report and heatmap analytics to find hotspots by camera/time and track outcomes,15,"So this automatically takes a 30-day view for the previous month. | You can see completed actions by type. | A 20-25% spike. | a lot of the events are happening within the first a few cameras. So Aisle Cluster B, Aisle Cluster C | I can open the heat map just to see where this is happening more specifically. | And it looks like, you know, typically Thursdays around 8 p.m.. Central are your hot days"
a1cd5278-e378-441c-a467-aeb78a5b4432.json,Union Track Dynamics / Voxel Monthly Sync,Aisle obstruction and pallet buildup monitoring to improve pallet flow,34,"that also shows a buildup of palettes there, and that's something that I would like to, you know, you could get rid of a couple of things with that. | know 27 is actually pretty packed. | I'm trying to get some of the pallet traffic back into the room that it needs to be in."
a4393e52-d7df-4f74-a9ac-48600f2c0007.json,Iron Grid Fabrication / Voxel Monthly Overview,Track and close the loop on safety corrective actions with the Actions workflow,27,"there seems to be some confusion amongst the supervisors about how they navigate it now. | So I have had some think that they click it once and now they're done like it used to be and they didn't understand that they had to go back in and click it a second time and do all that. | But the beauty of this is you get to see, it really closes that loop. | We can track that progress."
a4393e52-d7df-4f74-a9ac-48600f2c0007.json,Iron Grid Fabrication / Voxel Monthly Overview,Re-scope cameras/zones to manage alert volume and reduce false positives,28,"We re-scoped, got the total daily incidents down. | If you have cameras that have moved or you have just a spike in trends, it could be a potential that the camera has moved. | And now we need to re-scope."
a7293f69-af12-41b7-bfa9-a904e3bffa11.json,Meridian Works Operations MMS / Voxel - site safety touch base,Sensitive-inventory monitoring pilot,26,"We're going to do a pilot. | The timing is still being worked through. | of what that will entail, but they had a very specific maintenance need, and we are exploring ways to support it. | So we put together an early concept to review last week, and we'll keep working on it. | And so, but the maintenance kind of issue came up as top priority. | So we put together a way to meet that."
ac14b2a4-2a18-45c0-9f6d-3956fb2f1e85.json,Jordan/Riley - Introduction,Export operational data to external BI/EHS systems,18,"Not at this point. | It's still very exploratory. | The way that we're doing that right now is through CSV pushes of data out to their platforms, and then they are either using an external reporting layer or importing it into some other system."
b7320572-5b94-4ad1-a61f-1d9fe3310b67.json,South Track Dynamics / Voxel Monthly,Daily summary email delivery and notifications,30,"I stopped getting Voxel notifications on August 21st. | Usually, I get a daily report. | Support showing incidents and findings. | Oh, and we'll follow up on the emails, the Daily Summer emails, Alex."
dd077f4c-3e4b-46aa-9945-d8fd10877195.json,Voxel / Vale Bridge Systems Training,Action tracking and accountability for safety interventions,33,"So that's really where actions comes into play, and it's a different way of assigning different video clips to folks to focus on specific coaching efforts, but it also gives you more prescriptive next steps with different suggested titles that we offer. | And then in addition, we do have due dates associated with those particular events. | So what this allows you to do if you're assigning something out to somebody is select yourself or a group of other people. | They'll get email notifications when the status gets changed, when it gets assigned. | Is there a way to run a report to see what's open, what's completed? | So what's been assigned, what's in progress is in the middle. | What's completed is on the right. | And there's a couple of things that I could note as well here on this page because it does give you user-by-user information about how many have been generated, who's completed what, what the average completion time is. | Because I think it'll be key for us to track things and moving forward. | there's a marker in your dashboard that goes over the data so you could see thereafter, like, what impact is this having? | Based on what you guys are doing, based on the platform insights, is that actually having an effect? the events going down in volume over time?"
dd6490e5-9b50-4589-ab35-4245c3becc1c.json,Kodiak Point Fabrication/Kodiak Point Fabrication + Voxel - Deployment Sync,Parking duration monitoring,20,"Stopping and Starting, Parking, | Truck Wash, curious, | no, we haven't got a parking duration there yet"
ed7d25b7-2ff1-415d-b27e-fbc76f5084ca.json,Oak Motive Solutions / Voxel Bi-Weekly Sync,Maintenance window suppression (no incident capture during scheduled work),9,"So their normal maintenance day is on Sundays. | So we need to add that in to the, no incident capturing Sundays from. | 6A to 6P. | All right. I'll get that added in there."
eeff5c72-c472-4c17-b4b5-f2c181e024b2.json,Foundry Harbor Manufacturing / Voxel Sync,Assign and track follow-ups with Actions,28,I wanted to walk you guys through this new Actions workflow that we released. | let's just put sort of revisit process for loading totes. | I could add you as a subscriber. | I could put a due date here. | and then you can mark it as complete.
